{
  "Europe/Andorra": "usa",
  "Asia/Dubai": "usa",
  "Asia/Kabul": "usa",
  "Europe/Tirane": "usa",
  "Asia/Yerevan": "usa",
  "Antarctica/Casey": "usa",
  "Antarctica/Davis": "usa",
  "Antarctica/DumontDUrville": "usa",
  "Antarctica/Mawson": "usa",
  "Antarctica/Palmer": "usa",
  "Antarctica/Rothera": "usa",
  "Antarctica/Syowa": "usa",
  "Antarctica/Troll": "usa",
  "Antarctica/Vostok": "usa",
  "America/Argentina/Buenos_Aires": "brazil",
  "America/Argentina/Cordoba": "brazil",
  "America/Argentina/Salta": "brazil",
  "America/Argentina/Jujuy": "brazil",
  "America/Argentina/Tucuman": "brazil",
  "America/Argentina/Catamarca": "brazil",
  "America/Argentina/La_Rioja": "brazil",
  "America/Argentina/San_Juan": "brazil",
  "America/Argentina/Mendoza": "brazil",
  "America/Argentina/San_Luis": "brazil",
  "America/Argentina/Rio_Gallegos": "brazil",
  "America/Argentina/Ushuaia": "brazil",
  "Pacific/Pago_Pago": "usa",
  "Europe/Vienna": "usa",
  "Australia/Lord_Howe": "usa",
  "Antarctica/Macquarie": "usa",
  "Australia/Hobart": "usa",
  "Australia/Currie": "usa",
  "Australia/Melbourne": "usa",
  "Australia/Sydney": "usa",
  "Australia/Broken_Hill": "usa",
  "Australia/Brisbane": "usa",
  "Australia/Lindeman": "usa",
  "Australia/Adelaide": "usa",
  "Australia/Darwin": "usa",
  "Australia/Perth": "usa",
  "Australia/Eucla": "usa",
  "Asia/Baku": "usa",
  "America/Barbados": "usa",
  "Asia/Dhaka": "usa",
  "Europe/Brussels": "usa",
  "Europe/Sofia": "usa",
  "Atlantic/Bermuda": "usa",
  "Asia/Brunei": "usa",
  "America/La_Paz": "brazil",
  "America/Noronha": "brazil",
  "America/Belem": "brazil",
  "America/Fortaleza": "brazil",
  "America/Recife": "brazil",
  "America/Araguaina": "brazil",
  "America/Maceio": "brazil",
  "America/Bahia": "brazil",
  "America/Sao_Paulo": "brazil",
  "America/Campo_Grande": "brazil",
  "America/Cuiaba": "brazil",
  "America/Santarem": "brazil",
  "America/Porto_Velho": "brazil",
  "America/Boa_Vista": "brazil",
  "America/Manaus": "brazil",
  "America/Eirunepe": "brazil",
  "America/Rio_Branco": "brazil",
  "America/Nassau": "usa",
  "Asia/Thimphu": "usa",
  "Europe/Minsk": "usa",
  "America/Belize": "usa",
  "America/St_Johns": "usa",
  "America/Halifax": "usa",
  "America/Glace_Bay": "usa",
  "America/Moncton": "usa",
  "America/Goose_Bay": "usa",
  "America/Blanc-Sablon": "usa",
  "America/Toronto": "usa",
  "America/Nipigon": "usa",
  "America/Thunder_Bay": "usa",
  "America/Iqaluit": "usa",
  "America/Pangnirtung": "usa",
  "America/Atikokan": "usa",
  "America/Winnipeg": "usa",
  "America/Rainy_River": "usa",
  "America/Resolute": "usa",
  "America/Rankin_Inlet": "usa",
  "America/Regina": "usa",
  "America/Swift_Current": "usa",
  "America/Edmonton": "usa",
  "America/Cambridge_Bay": "usa",
  "America/Yellowknife": "usa",
  "America/Inuvik": "usa",
  "America/Creston": "usa",
  "America/Dawson_Creek": "usa",
  "America/Fort_Nelson": "usa",
  "America/Vancouver": "usa",
  "America/Whitehorse": "usa",
  "America/Dawson": "usa",
  "Indian/Cocos": "usa",
  "Europe/Zurich": "usa",
  "Africa/Abidjan": "usa",
  "Pacific/Rarotonga": "usa",
  "America/Santiago": "brazil",
  "America/Punta_Arenas": "brazil",
  "Pacific/Easter": "brazil",
  "Asia/Shanghai": "usa",
  "Asia/Urumqi": "usa",
  "America/Bogota": "brazil",
  "America/Costa_Rica": "usa",
  "America/Havana": "usa",
  "Atlantic/Cape_Verde": "usa",
  "America/Curacao": "usa",
  "Indian/Christmas": "usa",
  "Asia/Nicosia": "usa",
  "Asia/Famagusta": "usa",
  "Europe/Prague": "usa",
  "Europe/Berlin": "usa",
  "Europe/Copenhagen": "usa",
  "America/Santo_Domingo": "usa",
  "Africa/Algiers": "usa",
  "America/Guayaquil": "brazil",
  "Pacific/Galapagos": "usa",
  "Europe/Tallinn": "usa",
  "Africa/Cairo": "usa",
  "Africa/El_Aaiun": "usa",
  "Europe/Madrid": "usa",
  "Africa/Ceuta": "usa",
  "Atlantic/Canary": "usa",
  "Europe/Helsinki": "usa",
  "Pacific/Fiji": "usa",
  "Atlantic/Stanley": "usa",
  "Pacific/Chuuk": "usa",
  "Pacific/Pohnpei": "usa",
  "Pacific/Kosrae": "usa",
  "Atlantic/Faroe": "usa",
  "Europe/Paris": "usa",
  "Europe/London": "usa",
  "Asia/Tbilisi": "usa",
  "America/Cayenne": "brazil",
  "Africa/Accra": "usa",
  "Europe/Gibraltar": "usa",
  "America/Godthab": "usa",
  "America/Danmarkshavn": "usa",
  "America/Scoresbysund": "usa",
  "America/Thule": "usa",
  "Europe/Athens": "usa",
  "Atlantic/South_Georgia": "usa",
  "America/Guatemala": "usa",
  "Pacific/Guam": "usa",
  "Africa/Bissau": "usa",
  "America/Guyana": "brazil",
  "Asia/Hong_Kong": "usa",
  "America/Tegucigalpa": "usa",
  "America/Port-au-Prince": "usa",
  "Europe/Budapest": "usa",
  "Asia/Jakarta": "usa",
  "Asia/Pontianak": "usa",
  "Asia/Makassar": "usa",
  "Asia/Jayapura": "usa",
  "Europe/Dublin": "usa",
  "Asia/Jerusalem": "usa",
  "Asia/Kolkata": "usa",
  "Indian/Chagos": "usa",
  "Asia/Baghdad": "usa",
  "Asia/Tehran": "usa",
  "Atlantic/Reykjavik": "usa",
  "Europe/Rome": "usa",
  "America/Jamaica": "usa",
  "Asia/Amman": "usa",
  "Asia/Tokyo": "usa",
  "Africa/Nairobi": "usa",
  "Asia/Bishkek": "usa",
  "Pacific/Tarawa": "usa",
  "Pacific/Enderbury": "usa",
  "Pacific/Kiritimati": "usa",
  "Asia/Pyongyang": "usa",
  "Asia/Seoul": "usa",
  "Asia/Almaty": "usa",
  "Asia/Qyzylorda": "usa",
  "Asia/Qostanay": "usa",
  "Asia/Aqtobe": "usa",
  "Asia/Aqtau": "usa",
  "Asia/Atyrau": "usa",
  "Asia/Oral": "usa",
  "Asia/Beirut": "usa",
  "Asia/Colombo": "usa",
  "Africa/Monrovia": "usa",
  "Europe/Vilnius": "usa",
  "Europe/Luxembourg": "usa",
  "Europe/Riga": "usa",
  "Africa/Tripoli": "usa",
  "Africa/Casablanca": "usa",
  "Europe/Monaco": "usa",
  "Europe/Chisinau": "usa",
  "Pacific/Majuro": "usa",
  "Pacific/Kwajalein": "usa",
  "Asia/Yangon": "usa",
  "Asia/Ulaanbaatar": "usa",
  "Asia/Hovd": "usa",
  "Asia/Choibalsan": "usa",
  "Asia/Macau": "usa",
  "America/Martinique": "usa",
  "Europe/Malta": "usa",
  "Indian/Mauritius": "usa",
  "Indian/Maldives": "usa",
  "America/Mexico_City": "usa",
  "America/Cancun": "usa",
  "America/Merida": "usa",
  "America/Monterrey": "usa",
  "America/Matamoros": "usa",
  "America/Mazatlan": "usa",
  "America/Chihuahua": "usa",
  "America/Ojinaga": "usa",
  "America/Hermosillo": "usa",
  "America/Tijuana": "usa",
  "America/Bahia_Banderas": "usa",
  "Asia/Kuala_Lumpur": "usa",
  "Asia/Kuching": "usa",
  "Africa/Maputo": "usa",
  "Africa/Windhoek": "usa",
  "Pacific/Noumea": "usa",
  "Pacific/Norfolk": "usa",
  "Africa/Lagos": "usa",
  "America/Managua": "usa",
  "Europe/Amsterdam": "usa",
  "Europe/Oslo": "usa",
  "Asia/Kathmandu": "usa",
  "Pacific/Nauru": "usa",
  "Pacific/Niue": "usa",
  "Pacific/Auckland": "usa",
  "Pacific/Chatham": "usa",
  "America/Panama": "usa",
  "America/Lima": "brazil",
  "Pacific/Tahiti": "usa",
  "Pacific/Marquesas": "usa",
  "Pacific/Gambier": "usa",
  "Pacific/Port_Moresby": "usa",
  "Pacific/Bougainville": "usa",
  "Asia/Manila": "usa",
  "Asia/Karachi": "usa",
  "Europe/Warsaw": "usa",
  "America/Miquelon": "usa",
  "Pacific/Pitcairn": "usa",
  "America/Puerto_Rico": "usa",
  "Asia/Gaza": "usa",
  "Asia/Hebron": "usa",
  "Europe/Lisbon": "usa",
  "Atlantic/Madeira": "usa",
  "Atlantic/Azores": "usa",
  "Pacific/Palau": "usa",
  "America/Asuncion": "usa",
  "Asia/Qatar": "usa",
  "Indian/Reunion": "usa",
  "Europe/Bucharest": "usa",
  "Europe/Belgrade": "usa",
  "Europe/Kaliningrad": "usa",
  "Europe/Moscow": "usa",
  "Europe/Simferopol": "usa",
  "Europe/Kirov": "usa",
  "Europe/Astrakhan": "usa",
  "Europe/Volgograd": "usa",
  "Europe/Saratov": "usa",
  "Europe/Ulyanovsk": "usa",
  "Europe/Samara": "usa",
  "Asia/Yekaterinburg": "usa",
  "Asia/Omsk": "usa",
  "Asia/Novosibirsk": "usa",
  "Asia/Barnaul": "usa",
  "Asia/Tomsk": "usa",
  "Asia/Novokuznetsk": "usa",
  "Asia/Krasnoyarsk": "usa",
  "Asia/Irkutsk": "usa",
  "Asia/Chita": "usa",
  "Asia/Yakutsk": "usa",
  "Asia/Khandyga": "usa",
  "Asia/Vladivostok": "usa",
  "Asia/Ust-Nera": "usa",
  "Asia/Magadan": "usa",
  "Asia/Sakhalin": "usa",
  "Asia/Srednekolymsk": "usa",
  "Asia/Kamchatka": "usa",
  "Asia/Anadyr": "usa",
  "Asia/Riyadh": "usa",
  "Pacific/Guadalcanal": "usa",
  "Indian/Mahe": "usa",
  "Africa/Khartoum": "usa",
  "Europe/Stockholm": "usa",
  "Asia/Singapore": "usa",
  "America/Paramaribo": "brazil",
  "Africa/Juba": "usa",
  "Africa/Sao_Tome": "usa",
  "America/El_Salvador": "usa",
  "Asia/Damascus": "usa",
  "America/Grand_Turk": "usa",
  "Africa/Ndjamena": "usa",
  "Indian/Kerguelen": "usa",
  "Asia/Bangkok": "usa",
  "Asia/Dushanbe": "usa",
  "Pacific/Fakaofo": "usa",
  "Asia/Dili": "usa",
  "Asia/Ashgabat": "usa",
  "Africa/Tunis": "usa",
  "Pacific/Tongatapu": "usa",
  "Europe/Istanbul": "usa",
  "America/Port_of_Spain": "usa",
  "Pacific/Funafuti": "usa",
  "Asia/Taipei": "usa",
  "Europe/Kiev": "usa",
  "Europe/Uzhgorod": "usa",
  "Europe/Zaporozhye": "usa",
  "Pacific/Wake": "usa",
  "America/New_York": "usa",
  "America/Detroit": "usa",
  "America/Kentucky/Louisville": "usa",
  "America/Kentucky/Monticello": "usa",
  "America/Indiana/Indianapolis": "usa",
  "America/Indiana/Vincennes": "usa",
  "America/Indiana/Winamac": "usa",
  "America/Indiana/Marengo": "usa",
  "America/Indiana/Petersburg": "usa",
  "America/Indiana/Vevay": "usa",
  "America/Chicago": "usa",
  "America/Indiana/Tell_City": "usa",
  "America/Indiana/Knox": "usa",
  "America/Menominee": "usa",
  "America/North_Dakota/Center": "usa",
  "America/North_Dakota/New_Salem": "usa",
  "America/North_Dakota/Beulah": "usa",
  "America/Denver": "usa",
  "America/Boise": "usa",
  "America/Phoenix": "usa",
  "America/Los_Angeles": "usa",
  "America/Anchorage": "usa",
  "America/Juneau": "usa",
  "America/Sitka": "usa",
  "America/Metlakatla": "usa",
  "America/Yakutat": "usa",
  "America/Nome": "usa",
  "America/Adak": "usa",
  "Pacific/Honolulu": "usa",
  "America/Montevideo": "brazil",
  "Asia/Samarkand": "usa",
  "Asia/Tashkent": "usa",
  "America/Caracas": "brazil",
  "Asia/Ho_Chi_Minh": "usa",
  "Pacific/Efate": "usa",
  "Pacific/Wallis": "usa",
  "Pacific/Apia": "usa",
  "Africa/Johannesburg": "usa"
}